DYPatil,Mumbai,300
Massachusetts General Hospital,Boston,30
Brigham and Women's Hospital,Boston,6
Beth Israel Deaconess Medical Center,Boston,10
Boston Medical Center,Boston,6
Tufts Medical Center,Boston,7
Boston Children's Hospital,Boston,2
Lahey Hospital & Medical Center,Burlington,5
Newton-Wellesley Hospital,Newton,8
Mount Auburn Hospital,Cambridge,9
Cambridge Health Alliance,Cambridge,15
UMass Memorial Medical Center,Worcester,5
South Shore Hospital,South Weymouth,2
Lawrence General Hospital,Lawrence,55
Cape Cod Hospital,Hyannis,6
St. Luke's Hospital,New Bedford,7
Falmouth Hospital,Falmouth,1
Anna Jaques Hospital,Newburyport,7
tan,man,20
abcs,boston,15
